source,title,company,matched_company,location,date_posted,status,is_entry_level,is_new,still_listed,first_seen,last_seen,search_term,job_url
Concentrix,"Supervisor, IT Operations (TCF)",Concentrix,Concentrix,"Quezon City, National Capital Region (Manila), Philippines",2026-08-18T00:04:28.671+08:00,To Apply,False,True,True,2026-09-07T14:29:01.709502+00:00,2026-09-07T14:29:01.709502+00:00,,https://cnx.wd1.myworkdayjobs.com/external_global/job/PHL-Quezon-City---Spark-Place-8th-Flr/Supervisor--IT-Operations--TCF-_R1755187-1/apply
Concentrix,Technical Support,Concentrix,Concentrix,"Makati City, National Capital Region (Manila), Philippines",2025-12-13T11:46:32.430+08:00,To Apply,False,True,True,2026-09-07T14:29:01.709502+00:00,2026-09-07T14:29:01.709502+00:00,,https://cnx.wd1.myworkdayjobs.com/external_global/job/PHL-Makati-City---Ayala-North-Exchange/Technical-Support-Specialist_R1673139/apply
Accenture,Application Support Engineer,Accenture,Accenture,"Cebu City, Philippines",2026-07-29T13:21:43.792-07:00,To Apply,False,True,True,2026-09-07T14:29:01.709502+00:00,2026-09-07T14:29:01.709502+00:00,SaaS Support Specialist,https://www.accenture.com/ph-en/careers/jobdetails?id=ATCP-1080107-S369146_en&title=Application+Support+Engineer
Accenture,DE033554-Wealth & Banking Service Helpdesk Analyst,Accenture,Accenture,"Taguig, Philippines",2026-09-04T05:39:19.670-07:00,To Apply,False,True,True,2026-09-07T14:29:01.709502+00:00,2026-09-07T14:29:01.709502+00:00,SaaS Support Specialist,https://www.accenture.com/ph-en/careers/jobdetails?id=CXO-133392-S78954_en&title=DE033554-Wealth+%26+Banking+Service+Helpdesk+Analyst
Accenture,Application Support Engineer,Accenture,Accenture,"Taguig, Philippines",2026-09-02T21:24:31.513-07:00,To Apply,False,True,True,2026-09-07T14:29:01.709502+00:00,2026-09-07T14:29:01.709502+00:00,SaaS Support Specialist,https://www.accenture.com/ph-en/careers/jobdetails?id=ATCP-1462838-S426852_en&title=Application+Support+Engineer
Accenture,Application Support Engineer,Accenture,Accenture,"Taguig, Philippines",2026-08-16T22:54:45.729-07:00,To Apply,False,True,True,2026-09-07T14:29:01.709502+00:00,2026-09-07T14:29:01.709502+00:00,SaaS Support Specialist,https://www.accenture.com/ph-en/careers/jobdetails?id=ATCP-1446861-S426846_en&title=Application+Support+Engineer
Accenture,Application Support Engineer,Accenture,Accenture,"Taguig, Philippines",2026-09-02T18:14:13.304-07:00,To Apply,False,True,True,2026-09-07T14:29:01.709502+00:00,2026-09-07T14:29:01.709502+00:00,SaaS Support Specialist,https://www.accenture.com/ph-en/careers/jobdetails?id=ATCP-1476418-S428108_en&title=Application+Support+Engineer
Accenture,Application Support Engineer,Accenture,Accenture,"Mandaluyong City, Philippines",2026-08-26T00:35:58.840-07:00,To Apply,False,True,True,2026-09-07T14:29:01.709502+00:00,2026-09-07T14:29:01.709502+00:00,SaaS Support Specialist,https://www.accenture.com/ph-en/careers/jobdetails?id=ATCP-1475819-S427610_en&title=Application+Support+Engineer
Accenture,Application Support Engineer,Accenture,Accenture,"Cebu City, Philippines",2026-08-10T23:21:05.214-07:00,To Apply,False,True,True,2026-09-07T14:29:01.709502+00:00,2026-09-07T14:29:01.709502+00:00,SaaS Support Specialist,https://www.accenture.com/ph-en/careers/jobdetails?id=ATCP-1477533-S427302_en&title=Application+Support+Engineer
Accenture,Application Support Engineer,Accenture,Accenture,"Mandaluyong City, Philippines",2026-08-03T22:49:04.643-07:00,To Apply,False,True,True,2026-09-07T14:29:01.709502+00:00,2026-09-07T14:29:01.709502+00:00,SaaS Support Specialist,https://www.accenture.com/ph-en/careers/jobdetails?id=ATCP-1460816-S426648_en&title=Application+Support+Engineer
Accenture,Application Support Engineer,Accenture,Accenture,"Taguig, Philippines",2026-08-20T18:00:47.786-07:00,To Apply,False,True,True,2026-09-07T14:29:01.709502+00:00,2026-09-07T14:29:01.709502+00:00,SaaS Support Specialist,https://www.accenture.com/ph-en/careers/jobdetails?id=ATCP-1479250-S427592_en&title=Application+Support+Engineer
Accenture,Application Support Engineer,Accenture,Accenture,"Cebu City, Philippines",2026-08-27T13:18:52.605-07:00,To Apply,False,True,True,2026-09-07T14:29:01.709502+00:00,2026-09-07T14:29:01.709502+00:00,SaaS Support Specialist,https://www.accenture.com/ph-en/careers/jobdetails?id=ATCP-1475228-S428041_en&title=Application+Support+Engineer
Accenture,Application Support Engineer,Accenture,Accenture,"Taguig, Philippines",2026-07-29T13:22:03.895-07:00,To Apply,False,True,True,2026-09-07T14:29:01.709502+00:00,2026-09-07T14:29:01.709502+00:00,SaaS Support Specialist,https://www.accenture.com/ph-en/careers/jobdetails?id=ATCP-1077144-S372037_en&title=Application+Support+Engineer
Accenture,Application Support Engineer,Accenture,Accenture,"Cebu City, Philippines",2026-09-01T23:35:29.538-07:00,To Apply,False,True,True,2026-09-07T14:29:01.709502+00:00,2026-09-07T14:29:01.709502+00:00,Product Support Specialist,https://www.accenture.com/ph-en/careers/jobdetails?id=ATCP-1460815-S426647_en&title=Application+Support+Engineer
Accenture,Application Support Engineer,Accenture,Accenture,"Cebu City, Philippines",2026-08-27T13:37:39.550-07:00,To Apply,False,True,True,2026-09-07T14:29:01.709502+00:00,2026-09-07T14:29:01.709502+00:00,SaaS Support Specialist,https://www.accenture.com/ph-en/careers/jobdetails?id=ATCP-1475229-S428042_en&title=Application+Support+Engineer
Accenture,Application Support Engineer,Accenture,Accenture,"Taguig, Philippines",2026-08-06T02:23:12.804-07:00,To Apply,False,True,True,2026-09-07T14:29:01.709502+00:00,2026-09-07T14:29:01.709502+00:00,SaaS Support Specialist,https://www.accenture.com/ph-en/careers/jobdetails?id=ATCP-1334527-S410772_en&title=Application+Support+Engineer
Accenture,Application Support Engineer,Accenture,Accenture,"Taguig, Philippines",2026-09-03T00:34:12.497-07:00,To Apply,False,True,True,2026-09-07T14:29:01.709502+00:00,2026-09-07T14:29:01.709502+00:00,Product Support Specialist,https://www.accenture.com/ph-en/careers/jobdetails?id=ATCP-1423069-S424960_en&title=Application+Support+Engineer
Accenture,Application Support Engineer,Accenture,Accenture,"Cebu City, Philippines",2026-08-10T23:03:29.192-07:00,To Apply,False,True,True,2026-09-07T14:29:01.709502+00:00,2026-09-07T14:29:01.709502+00:00,SaaS Support Specialist,https://www.accenture.com/ph-en/careers/jobdetails?id=ATCP-1442463-S427002_en&title=Application+Support+Engineer
Accenture,Application Support Engineer,Accenture,Accenture,"Taguig, Philippines",2026-09-02T21:23:33.586-07:00,To Apply,False,True,True,2026-09-07T14:29:01.709502+00:00,2026-09-07T14:29:01.709502+00:00,SaaS Support Specialist,https://www.accenture.com/ph-en/careers/jobdetails?id=ATCP-1462837-S426850_en&title=Application+Support+Engineer
Accenture,Application Support Engineer,Accenture,Accenture,"Taguig, Philippines",2026-09-02T21:16:13.136-07:00,To Apply,False,True,True,2026-09-07T14:29:01.709502+00:00,2026-09-07T14:29:01.709502+00:00,SaaS Support Specialist,https://www.accenture.com/ph-en/careers/jobdetails?id=ATCP-1442656-S424800_en&title=Application+Support+Engineer
Accenture,Application Support Engineer,Accenture,Accenture,"Taguig, Philippines",2026-09-02T21:25:49.969-07:00,To Apply,False,True,True,2026-09-07T14:29:01.709502+00:00,2026-09-07T14:29:01.709502+00:00,SaaS Support Specialist,https://www.accenture.com/ph-en/careers/jobdetails?id=ATCP-1462839-S426853_en&title=Application+Support+Engineer
Accenture,Application Support Engineer,Accenture,Accenture,"Taguig, Philippines",2026-07-31T02:27:06.198-07:00,To Apply,False,True,True,2026-09-07T14:29:01.709502+00:00,2026-09-07T14:29:01.709502+00:00,SaaS Support Specialist,https://www.accenture.com/ph-en/careers/jobdetails?id=ATCP-1371722-S425326_en&title=Application+Support+Engineer
Accenture,Application Support Engineer,Accenture,Accenture,"Taguig, Philippines",2026-09-02T21:17:55.693-07:00,To Apply,False,True,True,2026-09-07T14:29:01.709502+00:00,2026-09-07T14:29:01.709502+00:00,SaaS Support Specialist,https://www.accenture.com/ph-en/careers/jobdetails?id=ATCP-1441326-S424527_en&title=Application+Support+Engineer
Accenture,Application Support Engineer,Accenture,Accenture,"Mandaluyong City, Cebu City, Philippines",2026-08-04T01:48:01.341-07:00,To Apply,False,True,True,2026-09-07T14:29:01.709502+00:00,2026-09-07T14:29:01.709502+00:00,SaaS Support Specialist,https://www.accenture.com/ph-en/careers/jobdetails?id=ATCP-1337763-S410253_en&title=Application+Support+Engineer
Accenture,Application Support Engineer,Accenture,Accenture,"Mandaluyong City, Philippines",2026-07-29T22:59:49.737-07:00,To Apply,False,True,True,2026-09-07T14:29:01.709502+00:00,2026-09-07T14:29:01.709502+00:00,Customer Technical Support,https://www.accenture.com/ph-en/careers/jobdetails?id=ATCP-1442173-S425980_en&title=Application+Support+Engineer
Accenture,Application Support Engineer,Accenture,Accenture,"Taguig, Philippines",2026-09-02T06:57:34.619-07:00,To Apply,False,True,True,2026-09-07T14:29:01.709502+00:00,2026-09-07T14:29:01.709502+00:00,Product Support Specialist,https://www.accenture.com/ph-en/careers/jobdetails?id=ATCP-1459718-S427331_en&title=Application+Support+Engineer
Accenture,Application Support Engineer,Accenture,Accenture,"Taguig, Philippines",2026-09-02T21:15:11.821-07:00,To Apply,False,True,True,2026-09-07T14:29:01.709502+00:00,2026-09-07T14:29:01.709502+00:00,Product Support Specialist,https://www.accenture.com/ph-en/careers/jobdetails?id=ATCP-1442657-S424799_en&title=Application+Support+Engineer
Accenture,Infra Tech Support Practitioner,Accenture,Accenture,"Mandaluyong City, Philippines",2026-09-06T20:17:50.585-07:00,To Apply,False,True,True,2026-09-07T14:29:01.709502+00:00,2026-09-07T14:29:01.709502+00:00,Product Support Specialist,https://www.accenture.com/ph-en/careers/jobdetails?id=14580100_en&title=Infra+Tech+Support+Practitioner
Accenture,Application Tech Support Practitioner,Accenture,Accenture,"Mandaluyong City, Philippines",2026-08-31T03:58:38.283-07:00,To Apply,False,True,True,2026-09-07T14:29:01.709502+00:00,2026-09-07T14:29:01.709502+00:00,Product Support Specialist,https://www.accenture.com/ph-en/careers/jobdetails?id=14070234_en&title=Application+Tech+Support+Practitioner
Accenture,Application Support Engineer,Accenture,Accenture,"Taguig, Philippines",2026-09-01T00:43:08.130-07:00,To Apply,False,True,True,2026-09-07T14:29:01.709502+00:00,2026-09-07T14:29:01.709502+00:00,SaaS Support Specialist,https://www.accenture.com/ph-en/careers/jobdetails?id=ATCP-1448172-S425983_en&title=Application+Support+Engineer
Accenture,Application Support Engineer,Accenture,Accenture,"Taguig, Philippines",2026-08-06T02:22:15.686-07:00,To Apply,False,True,True,2026-09-07T14:29:01.709502+00:00,2026-09-07T14:29:01.709502+00:00,SaaS Support Specialist,https://www.accenture.com/ph-en/careers/jobdetails?id=ATCP-1329899-S421692_en&title=Application+Support+Engineer
Accenture,Infra Tech Support Practitioner,Accenture,Accenture,"Mandaluyong City, Philippines",2026-08-31T23:46:34.989-07:00,To Apply,True,True,True,2026-09-07T14:29:01.709502+00:00,2026-09-07T14:29:01.709502+00:00,Level 1 Technical Support,https://www.accenture.com/ph-en/careers/jobdetails?id=14590279_en&title=Infra+Tech+Support+Practitioner
Accenture,Application Support Engineer,Accenture,Accenture,"Taguig, Cebu City, Philippines",2026-06-17T20:57:21.386-07:00,To Apply,False,True,True,2026-09-07T14:29:01.709502+00:00,2026-09-07T14:29:01.709502+00:00,Application Support Analyst,https://www.accenture.com/ph-en/careers/jobdetails?id=ATCP-1323616-S408591_en&title=Application+Support+Engineer
Accenture,Application Support Engineer,Accenture,Accenture,"Taguig, Cebu City, Philippines",2026-06-17T21:01:27.368-07:00,To Apply,False,True,True,2026-09-07T14:29:01.709502+00:00,2026-09-07T14:29:01.709502+00:00,SaaS Support Specialist,https://www.accenture.com/ph-en/careers/jobdetails?id=ATCP-1323617-S408592_en&title=Application+Support+Engineer
Accenture,Infra Tech Support Practitioner,Accenture,Accenture,"Mandaluyong City, Philippines",2026-07-22T10:15:56.398-07:00,To Apply,True,True,True,2026-09-07T14:29:01.709502+00:00,2026-09-07T14:29:01.709502+00:00,L1 Support,https://www.accenture.com/ph-en/careers/jobdetails?id=14590141_en&title=Infra+Tech+Support+Practitioner
Accenture,Infra Tech Support Practitioner,Accenture,Accenture,"Mandaluyong City, Cebu City, Philippines",2026-09-01T20:25:39.768-07:00,To Apply,True,True,True,2026-09-07T14:29:01.709502+00:00,2026-09-07T14:29:01.709502+00:00,Level 1 Technical Support,https://www.accenture.com/ph-en/careers/jobdetails?id=14648289_en&title=Infra+Tech+Support+Practitioner
Accenture,Infra Tech Support Practitioner,Accenture,Accenture,"Mandaluyong City, Cebu City, Philippines",2026-09-01T20:24:30.424-07:00,To Apply,True,True,True,2026-09-07T14:29:01.709502+00:00,2026-09-07T14:29:01.709502+00:00,IT Operations Associate,https://www.accenture.com/ph-en/careers/jobdetails?id=14648288_en&title=Infra+Tech+Support+Practitioner
Accenture,Infra Tech Support Practitioner,Accenture,Accenture,"Mandaluyong City, Cebu City, Philippines",2026-09-01T20:23:19.283-07:00,To Apply,True,True,True,2026-09-07T14:29:01.709502+00:00,2026-09-07T14:29:01.709502+00:00,IT Operations Associate,https://www.accenture.com/ph-en/careers/jobdetails?id=14648287_en&title=Infra+Tech+Support+Practitioner
Sutherland,IT Tech Support - Shaw,Sutherland,Sutherland,"Mandaluyong City, NCR",01-21-2026,To Apply,False,True,True,2026-09-07T14:29:01.709502+00:00,2026-09-07T14:29:01.709502+00:00,,https://jobs.smartrecruiters.com/Sutherland/744000104602855-it-tech-support-shaw?oga=true
Teleperformance,Teleperformance Philippines - Luzon - Customer Expert,Teleperformance,Teleperformance,"Antipolo City, Philippines",2026-02-13T12:23:00,To Apply,False,True,True,2026-09-07T14:29:01.709502+00:00,2026-09-07T14:29:01.709502+00:00,Technical Support Representative,https://careersph-teleperformance.icims.com/jobs/52132/teleperformance-philippines---luzon---customer-expert/job
Teleperformance,Teleperformance Philippines - BP Digital Recruiting,Teleperformance,Teleperformance,"Antipolo City, Philippines",2026-02-13T12:16:00,To Apply,False,True,True,2026-09-07T14:29:01.709502+00:00,2026-09-07T14:29:01.709502+00:00,Technical Support Representative,https://careersph-teleperformance.icims.com/jobs/66994/teleperformance-philippines---bp-digital-recruiting/job
Teleperformance,Teleperformance Philippines - VisMin - Customer Expert,Teleperformance,Teleperformance,"CEB-Cebu City, Philippines",2026-02-13T12:11:00,To Apply,False,True,True,2026-09-07T14:29:01.709502+00:00,2026-09-07T14:29:01.709502+00:00,Technical Support Representative,https://careersph-teleperformance.icims.com/jobs/52133/teleperformance-philippines---vismin---customer-expert/job
Teleperformance,Teleperformance Philippines - Nationwide - Customer Expert,Teleperformance,Teleperformance,"Antipolo City, Philippines",2025-08-19T03:46:00,To Apply,False,True,True,2026-09-07T14:29:01.709502+00:00,2026-09-07T14:29:01.709502+00:00,Technical Support Representative,https://careersph-teleperformance.icims.com/jobs/69399/teleperformance-philippines---nationwide---customer-expert/job
Teleperformance,McKinley - Walk-In - Customer Service Specialist,Teleperformance,Teleperformance,"Taguig City, Philippines",2025-01-21T04:26:00,To Apply,False,True,True,2026-09-07T14:29:01.709502+00:00,2026-09-07T14:29:01.709502+00:00,Technical Support Representative,https://careersph-teleperformance.icims.com/jobs/59661/mckinley---walk-in---customer-service-specialist/job
Teleperformance,Silver City - Contact Center Representative - September 2020,Teleperformance,Teleperformance,Philippines,2021-10-22T17:29:00,To Apply,False,True,True,2026-09-07T14:29:01.709502+00:00,2026-09-07T14:29:01.709502+00:00,Technical Support Representative,https://careersph-teleperformance.icims.com/jobs/2571/silver-city---contact-center-representative---september-2020/job
Teleperformance,Desktop Support Engineer,Teleperformance,Teleperformance,"Dublin, Ireland",2025-10-28T11:25:00,To Apply,False,True,True,2026-09-07T14:29:01.709502+00:00,2026-09-07T14:29:01.709502+00:00,Desktop Support,https://careerseng-teleperformance.icims.com/jobs/73084/desktop-support-engineer/job
TTEC,Technical Support Representative,TTEC,TTEC,"Cebu City, Philippines",,To Apply,False,True,True,2026-09-07T14:29:01.709502+00:00,2026-09-07T14:29:01.709502+00:00,SaaS Support Specialist,https://www.ttecjobs.com/en/job/cebu-city/technical-support-representative/44028/97167907280
TTEC,Chat Technical Support Representative,TTEC,TTEC,"Bacolod City, Philippines",,To Apply,False,True,True,2026-09-07T14:29:01.709502+00:00,2026-09-07T14:29:01.709502+00:00,Customer Technical Support,https://www.ttecjobs.com/en/job/bacolod-city/chat-technical-support-representative/44028/97723043040
LinkedIn,Deployment Specialist - Application Delivery,TELUS Health,TELUS Digital,"Atlanta, GA",2026-09-06,To Apply,False,True,True,2026-09-07T14:29:01.709502+00:00,2026-09-07T14:29:01.709502+00:00,IT Support Specialist remote,https://www.linkedin.com/jobs/view/deployment-specialist-application-delivery-at-telus-health-4442183360
TaskUs,Technical Support Engineer,TaskUs,TaskUs,"Las Pinas, NCR, Philippines",Posted 30+ Days Ago,To Apply,False,True,True,2026-09-07T14:29:01.709502+00:00,2026-09-07T14:29:01.709502+00:00,Customer Technical Support,https://taskus.wd1.myworkdayjobs.com/Careers/job/Las-Pinas-NCR-Philippines/Technical-Support-Engineer_R_2607_8947
TaskUs,Technical Support Engineer,TaskUs,TaskUs,"Las Pinas, NCR, Philippines",Posted 10 Days Ago,To Apply,False,True,True,2026-09-07T14:29:01.709502+00:00,2026-09-07T14:29:01.709502+00:00,Customer Technical Support,https://taskus.wd1.myworkdayjobs.com/Careers/job/Las-Pinas-NCR-Philippines/Technical-Support-Engineer--For-Pooling-_R_2607_8653
TaskUs,Technical Support Engineer,TaskUs,TaskUs,Philippines - Remote,Posted 30+ Days Ago,To Apply,False,True,True,2026-09-07T14:29:01.709502+00:00,2026-09-07T14:29:01.709502+00:00,Customer Technical Support,https://taskus.wd1.myworkdayjobs.com/Careers/job/Philippines---Remote/Technical-Support-Engineer_R_2607_9032
TaskUs,Associate Technical Support Engineer,TaskUs,TaskUs,"Las Pinas, NCR, Philippines",Posted 30+ Days Ago,To Apply,True,True,True,2026-09-07T14:29:01.709502+00:00,2026-09-07T14:29:01.709502+00:00,Customer Technical Support,https://taskus.wd1.myworkdayjobs.com/Careers/job/Las-Pinas-NCR-Philippines/Associate-Technical-Support-Engineer_R_2607_9480
TaskUs,Technical Support Engineer – L1 Backup Product,TaskUs,TaskUs,"Las Pinas, NCR, Philippines",Posted 30+ Days Ago,To Apply,True,True,True,2026-09-07T14:29:01.709502+00:00,2026-09-07T14:29:01.709502+00:00,Product Support Specialist,https://taskus.wd1.myworkdayjobs.com/Careers/job/Las-Pinas-NCR-Philippines/Technical-Support-Engineer_R_2607_8910-1
TaskUs,Associate Technical Support Engineer L1 (EP & Security),TaskUs,TaskUs,Philippines - Remote,Posted 30+ Days Ago,To Apply,True,True,True,2026-09-07T14:29:01.709502+00:00,2026-09-07T14:29:01.709502+00:00,Customer Technical Support,https://taskus.wd1.myworkdayjobs.com/Careers/job/Philippines---Remote/Technical-Support-Engineer-L1--EP---Security-_R_2607_9489
TaskUs,IT Support Intern,TaskUs,TaskUs,"Bacoor, Cavite, Philippines",Posted 12 Days Ago,To Apply,False,True,True,2026-09-07T14:29:01.709502+00:00,2026-09-07T14:29:01.709502+00:00,Customer Technical Support,https://taskus.wd1.myworkdayjobs.com/Careers/job/Bacoor-Cavite-Philippines/IT-Support-Intern_R_2608_11007
TaskUs,IT Support Intern,TaskUs,TaskUs,"Bacoor, Cavite, Philippines",Posted 12 Days Ago,To Apply,False,True,True,2026-09-07T14:29:01.709502+00:00,2026-09-07T14:29:01.709502+00:00,Customer Technical Support,https://taskus.wd1.myworkdayjobs.com/Careers/job/Bacoor-Cavite-Philippines/IT-Support-Intern_R_2608_11008
TaskUs,IT Support Intern,TaskUs,TaskUs,"Angeles, Pampanga, Philippines",Posted 6 Days Ago,To Apply,False,True,True,2026-09-07T14:29:01.709502+00:00,2026-09-07T14:29:01.709502+00:00,Customer Technical Support,https://taskus.wd1.myworkdayjobs.com/Careers/job/Angeles-Pampanga-Philippines/IT-Support-Intern_R_2609_11218
TaskUs,IT Support Intern,TaskUs,TaskUs,"San Fernando, La Union, Philippines",Posted 5 Days Ago,To Apply,False,True,True,2026-09-07T14:29:01.709502+00:00,2026-09-07T14:29:01.709502+00:00,Customer Technical Support,https://taskus.wd1.myworkdayjobs.com/Careers/job/San-Fernando-La-Union-Philippines/IT-Support-Intern_R_2609_11274
TaskUs,IT Helpdesk (Apple Support) | Fixed Term,TaskUs,TaskUs,"Las Pinas, NCR, Philippines",Posted Today,To Apply,False,True,True,2026-09-07T14:29:01.709502+00:00,2026-09-07T14:29:01.709502+00:00,Customer Technical Support,https://taskus.wd1.myworkdayjobs.com/Careers/job/Las-Pinas-NCR-Philippines/IT-Helpdesk--Apple-Support-_R_2609_11410
TaskUs,IT Support OJT (Student Trainee)-2,TaskUs,TaskUs,"Meycauayan, Bulacan, Philippines",Posted 10 Days Ago,To Apply,True,True,True,2026-09-07T14:29:01.709502+00:00,2026-09-07T14:29:01.709502+00:00,Customer Technical Support,https://taskus.wd1.myworkdayjobs.com/Careers/job/Meycauayan-Bulacan-Philippines/IT-Support-OJT--Student-Trainee--2_R_2608_11096
TaskUs,IT Support OJT (Student Trainee)-1,TaskUs,TaskUs,"Meycauayan, Bulacan, Philippines",Posted 10 Days Ago,To Apply,True,True,True,2026-09-07T14:29:01.709502+00:00,2026-09-07T14:29:01.709502+00:00,Customer Technical Support,https://taskus.wd1.myworkdayjobs.com/Careers/job/Meycauayan-Bulacan-Philippines/IT-Support-OJT--Student-Trainee--1_R_2608_11097
TaskUs,IT Support OJT ( Student Trainee )-2,TaskUs,TaskUs,"Batangas, Batangas, Philippines",Posted 10 Days Ago,To Apply,True,True,True,2026-09-07T14:29:01.709502+00:00,2026-09-07T14:29:01.709502+00:00,Customer Technical Support,https://taskus.wd1.myworkdayjobs.com/Careers/job/Batangas-Batangas-Philippines/IT-Support-OJT---Student-Trainee---2_R_2608_11100
TaskUs,IT Support OJT (Student Trainee)-2,TaskUs,TaskUs,"Pasig, NCR, Philippines",Posted 10 Days Ago,To Apply,True,True,True,2026-09-07T14:29:01.709502+00:00,2026-09-07T14:29:01.709502+00:00,Customer Technical Support,https://taskus.wd1.myworkdayjobs.com/Careers/job/Pasig-NCR-Philippines/IT-Support-OJT--Student-Trainee--2_R_2608_11098
TaskUs,IT Support OJT (Student Trainee)-1,TaskUs,TaskUs,"Pasig, NCR, Philippines",Posted 10 Days Ago,To Apply,True,True,True,2026-09-07T14:29:01.709502+00:00,2026-09-07T14:29:01.709502+00:00,Customer Technical Support,https://taskus.wd1.myworkdayjobs.com/Careers/job/Pasig-NCR-Philippines/IT-Support-OJT--Student-Trainee--1_R_2608_11099
TaskUs,IT Support OJT ( Student Trainee )-1,TaskUs,TaskUs,"Batangas, Batangas, Philippines",Posted 10 Days Ago,To Apply,True,True,True,2026-09-07T14:29:01.709502+00:00,2026-09-07T14:29:01.709502+00:00,Customer Technical Support,https://taskus.wd1.myworkdayjobs.com/Careers/job/Batangas-Batangas-Philippines/IT-Support-OJT---Student-Trainee---1_R_2608_11101
TaskUs,IT Support OJT (Student Trainee),TaskUs,TaskUs,"Antipolo, Rizal, Philippines",Posted 4 Days Ago,To Apply,True,True,True,2026-09-07T14:29:01.709502+00:00,2026-09-07T14:29:01.709502+00:00,Customer Technical Support,https://taskus.wd1.myworkdayjobs.com/Careers/job/Antipolo-Rizal-Philippines/IT-Support-OJT--Student-Trainee-_R_2609_11378
TaskUs,IT Help Desk Supervisor (Fixed Term),TaskUs,TaskUs,"Las Pinas, NCR, Philippines",Posted Today,To Apply,False,True,True,2026-09-07T14:29:01.709502+00:00,2026-09-07T14:29:01.709502+00:00,IT Help Desk Support,https://taskus.wd1.myworkdayjobs.com/Careers/job/Las-Pinas-NCR-Philippines/IT-Help-Desk-Supervisor_R_2609_11436
TaskUs,IT Service Desk Intern,TaskUs,TaskUs,"Imus, Cavite, Philippines",Posted 21 Days Ago,To Apply,False,True,True,2026-09-07T14:29:01.709502+00:00,2026-09-07T14:29:01.709502+00:00,IT Help Desk Support,https://taskus.wd1.myworkdayjobs.com/Careers/job/Imus-Cavite-Philippines/IT-Service-Desk-Intern_R_2608_10580
TaskUs,IT Helpdesk - L1 (Fixed-Term),TaskUs,TaskUs,"Las Pinas, NCR, Philippines",Posted Today,To Apply,True,True,True,2026-09-07T14:29:01.709502+00:00,2026-09-07T14:29:01.709502+00:00,L1 Support,https://taskus.wd1.myworkdayjobs.com/Careers/job/Las-Pinas-NCR-Philippines/IT-Help-Desk---L1_R_2609_11428
TaskUs,IT Service Desk Intern,TaskUs,TaskUs,"Angeles, Pampanga, Philippines",Posted 21 Days Ago,To Apply,False,True,True,2026-09-07T14:29:01.709502+00:00,2026-09-07T14:29:01.709502+00:00,IT Help Desk Support,https://taskus.wd1.myworkdayjobs.com/Careers/job/Angeles-Pampanga-Philippines/IT-Service-Desk-Intern_R_2608_10589
TaskUs,IT Service Desk Intern,TaskUs,TaskUs,"Imus, Cavite, Philippines",Posted 21 Days Ago,To Apply,False,True,True,2026-09-07T14:29:01.709502+00:00,2026-09-07T14:29:01.709502+00:00,IT Help Desk Support,https://taskus.wd1.myworkdayjobs.com/Careers/job/Imus-Cavite-Philippines/IT-Service-Desk-Intern_R_2608_10590
TaskUs,IT Service Desk Intern,TaskUs,TaskUs,"Imus, Cavite, Philippines",Posted 21 Days Ago,To Apply,False,True,True,2026-09-07T14:29:01.709502+00:00,2026-09-07T14:29:01.709502+00:00,IT Help Desk Support,https://taskus.wd1.myworkdayjobs.com/Careers/job/Imus-Cavite-Philippines/IT-Service-Desk-Intern_R_2608_10582
VXI Global Solutions,"Specialist, IT Support",VXI Global Solutions,VXI Global Solutions,"Quezon City, Philippines, 1105",2026-08-20T00:00:00Z,To Apply,False,True,True,2026-09-07T14:29:01.709502+00:00,2026-09-07T14:29:01.709502+00:00,Product Support Specialist,https://jobs.vxi.com/jobs?qu=Specialist%2C+IT+Support&lo=Philippines
VXI Global Solutions,IT Support Specialist,VXI Global Solutions,VXI Global Solutions,"Quezon City, Philippines, 1105",2026-09-04T00:00:00Z,To Apply,False,True,True,2026-09-07T14:29:01.709502+00:00,2026-09-07T14:29:01.709502+00:00,Product Support Specialist,https://jobs.vxi.com/jobs?qu=IT+Support+Specialist&lo=Philippines
VXI Global Solutions,NOC Engineer,VXI Global Solutions,VXI Global Solutions,"Pasay City, Philippines",2026-08-10T00:00:00Z,To Apply,True,True,True,2026-09-07T14:29:01.709502+00:00,2026-09-07T14:29:01.709502+00:00,NOC Analyst Entry Level,https://jobs.vxi.com/jobs?qu=NOC+Engineer&lo=Philippines
iQor,Desktop Technician III,iQor,iQor,"Santa Rosa, Laguna, Philippines",2026-08-25T01:17:42,To Apply,False,True,True,2026-09-07T14:29:01.709502+00:00,2026-09-07T14:29:01.709502+00:00,,https://apply.iqor.com/jobs/103638
iQor,Desktop Technician II,iQor,iQor,"Iloilo, Iloilo, Philippines",2026-07-28T16:57:47,To Apply,False,True,True,2026-09-07T14:29:01.709502+00:00,2026-09-07T14:29:01.709502+00:00,,https://apply.iqor.com/jobs/98982
iQor,Desktop Technician II,iQor,iQor,"Santa Rosa, Laguna, Philippines",2026-07-28T16:56:01,To Apply,False,True,True,2026-09-07T14:29:01.709502+00:00,2026-09-07T14:29:01.709502+00:00,,https://apply.iqor.com/jobs/98981
